filename,label,
color_20181008-150301.jpg,babydream,0
color_20181008-150304.jpg,babydream,0
color_20181008-150102.jpg,babydream,0
color_20181008-150313.jpg,babydream,0
color_20181008-150105.jpg,babydream,0
color_20181008-150047.jpg,babydream,0
color_20181008-150328.jpg,babydream,0
color_20181008-150115.jpg,babydream,0
color_20181008-150056.jpg,babydream,0
color_20181008-150258.jpg,babydream,0
color_20181008-150112.jpg,babydream,0
color_20181008-150316.jpg,babydream,0
color_20181008-150109.jpg,babydream,0
color_20181008-150050.jpg,babydream,0
color_20181008-150041.jpg,babydream,0
color_20181008-150325.jpg,babydream,0
color_20181008-150255.jpg,babydream,0
color_20181008-150053.jpg,babydream,0
color_20181008-150322.jpg,babydream,0
color_20181008-150307.jpg,babydream,0
color_20181008-150059.jpg,babydream,0
color_20181008-150310.jpg,babydream,0
color_20181008-150044.jpg,babydream,0
color20181008-142112.jpg,ginkgo,1
20181008-141652_color.jpg,ginkgo,1
color20181008-142211.jpg,ginkgo,1
color20181008-142122.jpg,ginkgo,1
20181008-141642_color.jpg,ginkgo,1
color20181008-142128.jpg,ginkgo,1
20181008-141654_color.jpg,ginkgo,1
20181008-141658_color.jpg,ginkgo,1
color20181008-142125.jpg,ginkgo,1
color20181008-142054.jpg,ginkgo,1
20181008-141648_color.jpg,ginkgo,1
20181008-141640_color.jpg,ginkgo,1
color20181008-142119.jpg,ginkgo,1
20181008-141638_color.jpg,ginkgo,1
color20181008-142103.jpg,ginkgo,1
color20181008-142057.jpg,ginkgo,1
20181008-141644_color.jpg,ginkgo,1
20181008-141650_color.jpg,ginkgo,1
color20181008-142115.jpg,ginkgo,1
color20181008-142109.jpg,ginkgo,1
color20181008-142106.jpg,ginkgo,1
color20181008-142100.jpg,ginkgo,1
color20181008-142214.jpg,ginkgo,1
20181008-141646_color.jpg,ginkgo,1
20181008-141700_color.jpg,ginkgo,1
20181008-141656_color.jpg,ginkgo,1
color_20181008-150432.jpg,lavie,2
color_20181008-150453.jpg,lavie,2
color_20181008-150438.jpg,lavie,2
color_20181008-150426.jpg,lavie,2
color_20181008-150444.jpg,lavie,2
color_20181008-150456.jpg,lavie,2
color_20181008-150423.jpg,lavie,2
color_20181008-150450.jpg,lavie,2
color_20181008-150441.jpg,lavie,2
color_20181008-150429.jpg,lavie,2
color_20181008-150435.jpg,lavie,2
color_20181008-150447.jpg,lavie,2
color_20181008-145547.jpg,ovaltine,3
color_20181008-145532.jpg,ovaltine,3
color_20181008-145550.jpg,ovaltine,3
color_20181008-145559.jpg,ovaltine,3
color_20181008-145538.jpg,ovaltine,3
color_20181008-145541.jpg,ovaltine,3
color_20181008-145556.jpg,ovaltine,3
color_20181008-145535.jpg,ovaltine,3
color_20181008-145553.jpg,ovaltine,3
color_20181008-145605.jpg,ovaltine,3
color_20181008-145544.jpg,ovaltine,3
color_20181008-145602.jpg,ovaltine,3
